id,Name,titleProject_id,class,score,login,data
0,Сербин Геннадий Михаилович,7,8в,2,Сербин_ГМ,b2x8wCas
1,Папандина Клавдия Яковлевна,304,9в,5,Папандина_КЯ,0cs48979
2,Белагина Галина Андреевна,396,9а,4,Белагина_ГА,P4Ye50XG
3,Кижняева Анна Леонидовна,178,7и,2,Кижняева_АЛ,7ma4R02W
4,Цывин Олег Яковлевич,446,7т,2,Цывин_ОЯ,3054534A
5,Жидняева Ксения Эдуардовна,373,7х,4,Жидняева_КЭ,wPuowPi5
6,Липковский Анатолий Иванович,144,10а,2,Липковский_АИ,29r206N7
7,Меднова Наталья Богдановна,290,7и,5,Меднова_НБ,q566UVDU
8,Житихин Вячеслав Романович,141,9а,5,Житихин_ВР,16I2k5Er
9,Шеврина Полина Максимовна,33,11а,5,Шеврина_ПМ,2Q3Yb5p4
10,Алпеев Валентин Данилович,323,8а,2,Алпеев_ВД,79OA5195
11,Золикова Клара Игоревна,364,10х,2,Золикова_КИ,Odf83m38
12,Дориков Дмитрий Петрович,296,10г,5,Дориков_ДП,8qmcp430
13,Корабышев Кирилл Михаилович,302,8и,5,Корабышев_КМ,67d2170F
14,Ростовиков Константин Николаевич,336,10а,2,Ростовиков_КН,E4136y69
15,Нехаев Дмитрий Фёдорович,129,7х,4,Нехаев_ДФ,69xt5831
16,Зызлова Мария Николаевна,430,8г,3,Зызлова_МН,29ms2F97
17,Королупов Валерий Тимофеевич,397,10д,5,Королупов_ВТ,sPv5dqs4
18,Стенцов Евгений Яковлевич,315,8и,4,Стенцов_ЕЯ,J30U5md3
19,Феклисов Константин Виталиевич,270,9т,None,Феклисов_КВ,M045uR28
20,Синелев Руслан Тимофеевич,300,8и,2,Синелев_РТ,aRBb0vD1
21,Опевалова Вера Евгеньевна,473,9д,5,Опевалова_ВЕ,krhA5X3F
22,Назерова Вероника Василевна,206,7б,5,Назерова_ВВ,KYq0DT9T
23,Дименская Светлана Дмитриевна,387,9д,5,Дименская_СД,13IK0s81
24,Ковторева Раиса Василевна,482,9и,2,Ковторева_РВ,cr970441
25,Кулишнин Вячеслав Яковлевич,386,11х,5,Кулишнин_ВЯ,545pf47u
26,Лексин Кирилл Антонович,139,7в,5,Лексин_КА,Ohu6Ye43
27,Лаковский Григорий Василиевич,240,7д,5,Лаковский_ГВ,FbaB90mV
28,Барамыкова Александра Алексеевна,106,10а,3,Барамыкова_АА,18Nx9g3v
29,Плясулина Оксана Андреевна,346,8х,2,Плясулина_ОА,8YY24I3o
30,Петрикеев Станислав Яковлевич,14,7и,4,Петрикеев_СЯ,4rs07A8E
31,Моторыгин Илья Георгиевич,238,10и,5,Моторыгин_ИГ,0a8R7P86
32,Рыков Тарас Павлович,174,10и,5,Рыков_ТП,U4A2AJi5
33,Иончикова Елизавета Егоровна,169,8д,5,Иончикова_ЕЕ,U6aane10
34,Смолькина Алиса Егоровна,441,7г,5,Смолькина_АЕ,Y5Sk699L
35,Оболенин Герасим Павлович,472,7и,4,Оболенин_ГП,6UI68XOn
36,Трощинский Георгий Борисович,67,9д,3,Трощинский_ГБ,s9rXDi7D
37,Поддубская Лиза Игоревна,496,10а,4,Поддубская_ЛИ,8862y424
38,Телькова Валерия Олеговна,335,7х,4,Телькова_ВО,7445mlja
39,Чигварина Александра Алексеевна,428,10б,2,Чигварина_АА,M244j394
40,Киреевский Артур Игоревич,119,7в,3,Киреевский_АИ,0a5Nse2l
41,Шумейкин Роман Павлович,420,8в,5,Шумейкин_РП,a7u6t153
42,Трушинов Максим Алексиевич,82,8и,4,Трушинов_МА,9PCGxwRd
43,Голюков Денис Сергеевич,62,11б,4,Голюков_ДС,Rq97E6a7
44,Хлиманкова Надежда Валерьевна,461,10б,3,Хлиманкова_НВ,BsbALURh
45,Кулаженков Алексей Олегович,367,10в,2,Кулаженков_АО,mG1125V8
46,Бутукин Владимир Адамович,221,7х,5,Бутукин_ВА,I5D689MY
47,Поддуев Леонид Олегович,149,9х,4,Поддуев_ЛО,77oyQ009
48,Ревцев Василий Павлович,360,9х,5,Ревцев_ВП,7YMkF0p5
49,Старокожев Артём Юрьевич,46,8д,3,Старокожев_АЮ,451yx13G
50,Светошев Максим Михаилович,321,10х,2,Светошев_ММ,t9879OY5
51,Старынина Кристина Федоровна,266,9д,3,Старынина_КФ,LJ87GEP2
52,Востров Дмитрий Денисович,282,9г,3,Востров_ДД,4ECxT26C
53,Бураханова Анастасия Леонидовна,16,8г,2,Бураханова_АЛ,p462n75G
54,Понизов Виктор Кириллович,214,11и,5,Понизов_ВК,vW063FQW
55,Суздалев Валерий Алексеевич,66,11т,5,Суздалев_ВА,ncx2D6YA
56,Колендин Дмитрий Алексеевич,153,10в,4,Колендин_ДА,P50f0rMv
57,Сулькова Екатерина Андреевна,325,8и,4,Сулькова_ЕА,5O3VvTvK
58,Аржевитова Надежда Федоровна,242,10в,2,Аржевитова_НФ,14TpA925
59,Крассов Валерий Олегович,201,8х,5,Крассов_ВО,99C50ByF
60,Сонураева Инна Андреевна,450,9т,3,Сонураева_ИА,9S3p7u07
61,Пашин Роман Вадимович,204,10д,2,Пашин_РВ,62J8A8uQ
62,Фичкина Евгения Федоровна,29,11д,3,Фичкина_ЕФ,QjCd79r5
63,Свилин Олег Виталиевич,123,8в,2,Свилин_ОВ,EIWKq939
64,Рогоцкий Андрей Адамович,142,9в,2,Рогоцкий_АА,scd32Iq3
65,Ахантьев Игорь Валериевич,80,10д,5,Ахантьев_ИВ,QD8a3GE2
66,Сочиникова Ксения Кирилловна,100,10д,2,Сочиникова_КК,214LYbd5
67,Остюков Артур Романович,329,11и,3,Остюков_АР,6Shjh469
68,Брюкина Оксана Викторовна,98,8в,5,Брюкина_ОВ,6uh4F503
69,Кузовенков Игорь Юрьевич,322,9г,None,Кузовенков_ИЮ,4fL9xpY3
70,Калухов Тарас Иванович,207,11а,3,Калухов_ТИ,X9gBD26D
71,Батыров Пётр Виталиевич,227,7и,3,Батыров_ПВ,3vV90Kqn
72,Озрина Катерина Валерьевна,147,10а,4,Озрина_КВ,CUr5WP26
73,Декалова Полина Леонидовна,470,11д,5,Декалова_ПЛ,Vu1168LH
74,Лосицкий Владимир Кириллович,369,9т,5,Лосицкий_ВК,30829295
75,Магнусов Пётр Максимович,437,7и,5,Магнусов_ПМ,9aau2192
76,Лавренков Михаил Василиевич,188,9б,2,Лавренков_МВ,6x81jso5
77,Шушкалова Вероника Алексеевна,411,8т,5,Шушкалова_ВА,1FiH0w0n
78,Бороданова Маргарита Дмитриевна,118,7г,5,Бороданова_МД,0B74B34t
79,Циркина Виолетта Федоровна,231,9г,2,Циркина_ВФ,o050J254
80,Болохина Екатерина Андреевна,194,11д,3,Болохина_ЕА,Lx138TNT
81,Чукалова Дарья Валерьевна,20,10г,4,Чукалова_ДВ,7HOT9164
82,Беловолов Степан Петрович,222,9д,2,Беловолов_СП,f4HG2311
83,Зудейкина Вероника Ивановна,166,8и,3,Зудейкина_ВИ,HHBX0J5p
84,Макунова Мария Борисовна,47,9в,5,Макунова_МБ,2b6q912I
85,Верзанский Геннадий Андреевич,497,7д,5,Верзанский_ГА,2xM0Iw2E
86,Алтубин Ярослав Леонидович,414,10г,5,Алтубин_ЯЛ,76189t5R
87,Аузин Игорь Алексиевич,435,8х,5,Аузин_ИА,5m67DkmD
88,Калыгин Степан Тимофеевич,353,8и,2,Калыгин_СТ,S43U5060
89,Дурныгина Полина Игоревна,72,8и,2,Дурныгина_ПИ,UXs2HIg2
90,Антюфеева Александра Вадимовна,347,8и,2,Антюфеева_АВ,1U27r00V
91,Лощинский Борис Романович,210,10б,3,Лощинский_БР,63QQH7sU
92,Ходорков Евгений Виталиевич,344,9г,5,Ходорков_ЕВ,1b1cB1g8
93,Кафорин Федор Данилович,427,10д,3,Кафорин_ФД,Yn644u6P
94,Косынская Алиса Дмитриевна,40,9в,3,Косынская_АД,L56v0gG5
95,Беремцев Артём Антонович,434,11т,2,Беремцев_АА,91CwL8D1
96,Влянская Мария Андреевна,490,7т,4,Влянская_МА,82L3eULU
97,Мыгеева Лиза Василевна,280,8в,5,Мыгеева_ЛВ,F7H29u7s
98,Акутникова Мария Алексеевна,173,11в,2,Акутникова_МА,kHsRibf8
99,Карябкин Константин Максимович,89,7и,2,Карябкин_КМ,w1s9x8F3
100,Прилепина Яна Максимовна,30,10в,5,Прилепина_ЯМ,42sQc46R
101,Ведищев Никита Георгиевич,365,7и,5,Ведищев_НГ,2471j297
102,Самчева Вероника Борисовна,287,10г,3,Самчева_ВБ,V1B108jA
103,Пирцхалова Карина Леонидовна,452,10г,5,Пирцхалова_КЛ,899Y2S6g
104,Павлочев Денис Борисович,432,11д,5,Павлочев_ДБ,41r0Ld77
105,Арашкова Екатерина Евгеньевна,356,8х,None,Арашкова_ЕЕ,S4R7Waq2
106,Байсарова Людмила Василевна,215,11и,2,Байсарова_ЛВ,37W5148w
107,Кудекина Зинаида Игоревна,250,10и,3,Кудекина_ЗИ,A9AyDA08
108,Дерналов Виталий Викторович,1,9г,4,Дерналов_ВВ,1DV68Q8t
109,Сазинова Галина Романовна,61,9и,3,Сазинова_ГР,f4134266
110,Остаченова Марина Эдуардовна,229,9т,5,Остаченова_МЭ,520Y5Rda
111,Битюкова Яна Егоровна,488,9и,4,Битюкова_ЯЕ,1BW59jNj
112,Иваницкий Константин Борисович,232,8д,5,Иваницкий_КБ,N20J0ROO
113,Белянский Владислав Игоревич,74,11б,5,Белянский_ВИ,JBo1O08U
114,Баранкин Артём Алексеевич,382,9т,2,Баранкин_АА,j36V27dr
115,Шкабанова Софья Вадимовна,499,9х,4,Шкабанова_СВ,8hxb94l2
116,Полозлов Денис Адамович,155,8т,3,Полозлов_ДА,888Cho21
117,Жунина Светлана Михайловна,162,8в,3,Жунина_СМ,83069ekB
118,Пантыкин Борис Игоревич,245,9х,2,Пантыкин_БИ,Sbfi7G30
119,Доутова Марина Богдановна,189,11х,2,Доутова_МБ,HK499DX9
120,Трещалова Яна Андреевна,330,8б,3,Трещалова_ЯА,485c207A
121,Ивашечкин Александр Данилович,390,10т,4,Ивашечкин_АД,8iMw8inF
122,Мазьянова Инна Богдановна,416,11в,4,Мазьянова_ИБ,m5ogL85p
123,Корогев Николай Евгеньевич,184,8б,5,Корогев_НЕ,18Sw6txo
124,Заидова Галина Максимовна,88,9т,4,Заидова_ГМ,7W8h1272
125,Рамхин Кирилл Алексиевич,459,9х,4,Рамхин_КА,2U047B60
126,Кизбабаев Эдуард Фёдорович,415,11т,2,Кизбабаев_ЭФ,g4a7t89I
127,Соурчаков Ярослав Валериевич,268,8б,2,Соурчаков_ЯВ,G10l0A8p
128,Мотяшева Алена Михайловна,404,7т,2,Мотяшева_АМ,X17Eh542
129,Горшкова Наталия Яковлевна,340,11а,2,Горшкова_НЯ,6U65TN6H
130,Зябрицкий Игорь Виталиевич,332,7а,5,Зябрицкий_ИВ,jYH54Yqd
131,Шельдяев Игорь Юриевич,97,7д,5,Шельдяев_ИЮ,I6V02C8i
132,Шмелькин Максим Викторович,483,9т,5,Шмелькин_МВ,5f09SoR3
133,Жалкин Алексей Алексеевич,43,7а,3,Жалкин_АА,3Q97t7F9
134,Худасов Денис Максимович,70,10д,2,Худасов_ДМ,A9x24J64
135,Швичкова Наталья Эдуардовна,398,7г,4,Швичкова_НЭ,p91s12W9
136,Едская Жанна Валерьевна,436,11в,4,Едская_ЖВ,QW9PeI4D
137,Поморзина Полина Евгеньевна,122,7д,4,Поморзина_ПЕ,b1H1q2UC
138,Будачева Кира Олеговна,55,11х,4,Будачева_КО,GGX5Cn5v
139,Молкаев Василий Валериевич,216,8д,2,Молкаев_ВВ,396LD880
140,Яцынин Константин Тимофеевич,285,7г,2,Яцынин_КТ,021q7l37
141,Маховиков Василий Петрович,391,7х,4,Маховиков_ВП,H5CRl8VP
142,Шаметова Евгения Вадимовна,463,7а,2,Шаметова_ЕВ,793207cw
143,Законнова Жанна Евгеньевна,442,11и,None,Законнова_ЖЕ,6qh7960w
144,Перчихин Аркадий Тимофеевич,164,10т,3,Перчихин_АТ,05O6WV98
145,Бурдасова Ксения Игоревна,203,9а,3,Бурдасова_КИ,7C0eMHAu
146,Киссин Степан Иванович,251,7х,5,Киссин_СИ,rssdo510
147,Вапилина Мария Егоровна,77,7д,2,Вапилина_МЕ,791h5010
148,Сигутина Дарья Федоровна,458,7б,2,Сигутина_ДФ,451r158k
149,Сошьяков Альберт Фёдорович,17,7т,4,Сошьяков_АФ,Ds321a32
150,Лугахина Клара Вадимовна,419,8в,4,Лугахина_КВ,3649o4Dt
151,Логецкий Анатолий Виталиевич,372,11б,4,Логецкий_АВ,W25nlFa7
152,Ковайкова Юлия Егоровна,75,10г,2,Ковайкова_ЮЕ,T2W0PWtD
153,Вермутский Валерий Петрович,447,9и,5,Вермутский_ВП,8Kr6B494
154,Россомахов Олег Юриевич,56,8в,2,Россомахов_ОЮ,W4Y60I10
155,Циплакова Екатерина Егоровна,471,9б,5,Циплакова_ЕЕ,RdQ593U1
156,Квятцева Алла Никитична,138,11в,2,Квятцева_АН,bI5G4k25
157,Выхухолева Лариса Василевна,384,8б,5,Выхухолева_ЛВ,nx4w085K
158,Целохов Андрей Вадимович,433,8и,5,Целохов_АВ,8292vx5M
159,Бендин Иван Яковлевич,71,8и,4,Бендин_ИЯ,S311Gw69
160,Лазученков Василий Алексеевич,381,7х,2,Лазученков_ВА,LxncT235
161,Скоропухов Михаил Василиевич,69,10и,3,Скоропухов_МВ,19c3b88J
162,Мухонкин Тарас Романович,126,9и,4,Мухонкин_ТР,qGg05ViN
163,Камерцев Владимир Кириллович,303,7а,3,Камерцев_ВК,2i7t7282
164,Сандрыкина Анна Олеговна,324,10т,2,Сандрыкина_АО,6Iy4Q98G
165,Недбайлов Алексей Денисович,15,7т,2,Недбайлов_АД,k518wJ96
166,Серпков Ярослав Георгиевич,380,10б,4,Серпков_ЯГ,7g317681
167,Хатшуклов Аркадий Николаевич,42,11т,4,Хатшуклов_АН,h47ff0O6
168,Литвалиева Алиса Егоровна,10,11и,3,Литвалиева_АЕ,0jfdbK76
169,Енесина Лиза Валерьевна,293,9б,5,Енесина_ЛВ,0OOG3b5q
170,Пикальков Эдуард Алексиевич,21,8д,5,Пикальков_ЭА,E3118h5d
171,Сачинский Валентин Кириллович,125,10т,2,Сачинский_ВК,k069449X
172,Тарзанова Евгения Аркадьевна,96,9д,2,Тарзанова_ЕА,yK59i8OE
173,Лапундин Юрий Игоревич,267,8и,5,Лапундин_ЮИ,345p5qrv
174,Личева Лиза Михайловна,453,9б,3,Личева_ЛМ,F1YSg97b
175,Смароверов Яков Борисович,131,11в,4,Смароверов_ЯБ,7n8IH8Mi
176,Вереина Алла Василевна,295,10и,3,Вереина_АВ,5Ri036jN
177,Погиблева Дарья Леонидовна,283,9в,5,Погиблева_ДЛ,7J1pH96n
178,Байнова Анастасия Вадимовна,363,7б,3,Байнова_АВ,9NL544u4
179,Шиловский Вячеслав Максимович,438,9и,4,Шиловский_ВМ,Nv8a42C9
180,Сыждиков Пётр Василиевич,494,11х,5,Сыждиков_ПВ,3n1osA2K
181,Каценова Алёна Эдуардовна,165,11т,2,Каценова_АЭ,4wiFK003
182,Мужицких Ева Олеговна,348,8х,3,Мужицких_ЕО,35A59870
183,Плеснецов Степан Юрьевич,22,10а,2,Плеснецов_СЮ,R871bmn9
184,Игумнова Алёна Сергеевна,114,9д,4,Игумнова_АС,g0x7Hcy7
185,Хадаров Владимир Валериевич,278,11т,5,Хадаров_ВВ,uvNs96D6
186,Ступакова Кира Ивановна,421,8и,3,Ступакова_КИ,31M4c748
187,Шоленинов Федор Максимович,286,11т,4,Шоленинов_ФМ,7i93Im2u
188,Гундаров Руслан Николаевич,158,9д,4,Гундаров_РН,96735en8
189,Гречишева Марина Андреевна,464,7д,2,Гречишева_МА,7x54VX30
190,Утилова Алена Андреевна,253,11д,3,Утилова_АА,O17lr83g
191,Роткичева Алиса Максимовна,410,10а,4,Роткичева_АМ,Fx9Wq6C8
192,Колтышева Марина Вадимовна,87,11г,4,Колтышева_МВ,Q43673C7
193,Гурычева Лариса Валерьевна,489,9б,2,Гурычева_ЛВ,93Twnsut
194,Горцева Кристина Никитична,246,8и,4,Горцева_КН,1u691SJ3
195,Кутурин Геннадий Денисович,197,9в,2,Кутурин_ГД,5Na5S4MQ
196,Стефанков Яков Евгеньевич,318,10г,3,Стефанков_ЯЕ,DopOPWIC
197,Множина Людмила Василевна,90,8б,2,Множина_ЛВ,D101UL6T
198,Семисалов Георгий Иванович,316,9в,3,Семисалов_ГИ,092AqL44
199,Рогалов Альберт Валериевич,327,9б,2,Рогалов_АВ,t656338h
200,Черетаева Анастасия Олеговна,341,9б,2,Черетаева_АО,3j3rV577
201,Радоминова Любовь Игоревна,25,9и,5,Радоминова_ЛИ,R0b5627A
202,Шувырина Лиза Андреевна,395,9а,5,Шувырина_ЛА,TLO20785
203,Калиженков Семён Алексеевич,401,11а,4,Калиженков_СА,0724190E
204,Старокашин Константин Петрович,309,10а,3,Старокашин_КП,gyvYq4Y2
205,Малтоцов Аркадий Яковлевич,218,8а,3,Малтоцов_АЯ,uRxA67h2
206,Кузеванова Ева Егоровна,116,7д,2,Кузеванова_ЕЕ,iOOIe8ns
207,Нурулина Алёна Егоровна,284,9х,2,Нурулина_АЕ,P877gvfh
208,Лератов Герасим Сергеевич,374,10а,4,Лератов_ГС,1wI061u5
209,Людин Руслан Аркадиевич,498,7и,3,Людин_РА,6CyY9227
210,Пурин Виктор Данилович,154,8и,5,Пурин_ВД,9Cfxg7GN
211,Лютов Виктор Юрьевич,288,11г,2,Лютов_ВЮ,laV36011
212,Марюшкина Яна Федоровна,345,10д,5,Марюшкина_ЯФ,VWSaoOt0
213,Томилова Кристина Михайловна,492,11б,3,Томилова_КМ,k3UB2C88
214,Дистерев Валерий Валериевич,24,7г,3,Дистерев_ВВ,3uF4Wm35
215,Дочкин Геннадий Алексиевич,52,11и,5,Дочкин_ГА,wR0G388R
216,Иняхин Руслан Сергеевич,234,7и,5,Иняхин_РС,g2w69342
217,Знайкова Раиса Егоровна,148,11х,3,Знайкова_РЕ,A4068P11
218,Кашавцев Аркадий Леонидович,58,7а,4,Кашавцев_АЛ,7LV14j3J
219,Пятернина Кристина Андреевна,445,7и,2,Пятернина_КА,2xA60Hw7
220,Гусеева Карина Викторовна,263,9и,2,Гусеева_КВ,447j8j9c
221,Кастева Яна Сергеевна,108,7и,2,Кастева_ЯС,72dirXf4
222,Гришанин Тарас Павлович,113,10т,2,Гришанин_ТП,Gd5AmKu4
223,Грамоткин Илья Викторович,195,8д,5,Грамоткин_ИВ,xQdgvV1g
224,Мелисин Геннадий Василиевич,465,10г,2,Мелисин_ГВ,3A9U82Dj
225,Цинина Светлана Яковлевна,105,11г,5,Цинина_СЯ,02L5917q
226,Петов Георгий Адамович,57,9а,2,Петов_ГА,5t0DXK13
227,Реева Валентина Максимовна,146,11и,5,Реева_ВМ,87AddJ9i
228,Слесивых Мария Аркадьевна,35,7и,5,Слесивых_МА,o2i26B7n
229,Афтаева Полина Ивановна,193,10д,5,Афтаева_ПИ,4TbN8bI5
230,Кривицкий Валентин Виталиевич,208,8х,5,Кривицкий_ВВ,1ox6788q
231,Чубатов Константин Леонидович,279,11а,4,Чубатов_КЛ,4F60E35C
232,Партенков Геннадий Павлович,418,8х,3,Партенков_ГП,7T19495H
233,Черушев Григорий Борисович,84,7г,4,Черушев_ГБ,hQ3f7Gy7
234,Тютекин Георгий Тимофеевич,262,7а,2,Тютекин_ГТ,wk19rc4V
235,Янкевский Вячеслав Адамович,167,11г,4,Янкевский_ВА,f32A4d13
236,Сухручкина Клавдия Аркадьевна,177,7в,4,Сухручкина_КА,83aI7x8p
237,Конофалова Клара Петровна,95,11д,5,Конофалова_КП,9NBt2C16
238,Лигасов Михаил Павлович,491,11г,4,Лигасов_МП,P54KOk37
239,Писарьков Альберт Игоревич,313,8в,4,Писарьков_АИ,UmU9I7P2
240,Варов Кирилл Иванович,28,8а,5,Варов_КИ,356qi8p8
241,Пурынов Евгений Петрович,244,9и,3,Пурынов_ЕП,8rq9O939
242,Супрутская Вероника Викторовна,187,9а,2,Супрутская_ВВ,550O7hSw
243,Скроцкая Алина Федоровна,127,8г,3,Скроцкая_АФ,155aK6U5
244,Барадулин Вадим Юрьевич,281,11х,3,Барадулин_ВЮ,38dHW29l
245,Точилин Дмитрий Фёдорович,476,8а,2,Точилин_ДФ,305301C3
246,Бикмуллин Руслан Валериевич,333,11т,2,Бикмуллин_РВ,8x1kjGM5
247,Серпичев Василий Алексиевич,394,10х,5,Серпичев_ВА,th96HS69
248,Вострышев Яков Аркадиевич,343,8г,5,Вострышев_ЯА,9718032v
249,Грушчева София Евгеньевна,480,11в,None,Грушчева_СЕ,XtXLv4yb
250,Кулапов Александр Юрьевич,109,9б,5,Кулапов_АЮ,70W2LOp3
251,Чибисенков Владислав Фёдорович,375,8х,3,Чибисенков_ВФ,o9SY0nFY
252,Утилов Роман Василиевич,254,9х,2,Утилов_РВ,3LO0uo9u
253,Татаурова Галина Федоровна,145,10т,4,Татаурова_ГФ,f7362184
254,Визавитина Наталия Леонидовна,101,10г,2,Визавитина_НЛ,aDjXqhd5
255,Мягченков Артём Денисович,115,7б,4,Мягченков_АД,qgb2J94R
256,Брикова Инна Богдановна,256,9б,4,Брикова_ИБ,Mv4On68r
257,Наторкин Валентин Данилович,319,7и,2,Наторкин_ВД,qB8GaqKv
258,Эштрекова Софья Алексеевна,76,9в,3,Эштрекова_СА,8m52t337
259,Кутаманова Кира Андреевна,182,10т,2,Кутаманова_КА,54Ks7S1w
260,Кыштымова Евгения Эдуардовна,255,8в,5,Кыштымова_ЕЭ,jo330AH7
261,Ккнязева Клавдия Дмитриевна,34,7б,5,Ккнязева_КД,1l8T742t
262,Глаголина Алиса Никитична,249,9д,2,Глаголина_АН,YvvrFKyw
263,Рисина Раиса Валерьевна,451,10а,4,Рисина_РВ,Tu862755
264,Ребров Алексей Георгиевич,289,8и,3,Ребров_АГ,P2GPPP60
265,Вырысалова Александра Евгеньевна,39,11и,2,Вырысалова_АЕ,fu2AT8x6
266,Гомольский Владимир Юриевич,314,11х,5,Гомольский_ВЮ,4U4rS5O7
267,Швинова Марина Федоровна,271,8г,5,Швинова_МФ,Qi66UXt4
268,Рудковская Инна Дмитриевна,6,7т,3,Рудковская_ИД,O1452353
269,Решеткина Дарья Василевна,408,10и,3,Решеткина_ДВ,Ty6dO66X
270,Евстихеев Игорь Василиевич,422,10х,5,Евстихеев_ИВ,P9g79NiK
271,Лазарина Алёна Федоровна,161,8б,3,Лазарина_АФ,U99973Y3
272,Гляченков Григорий Николаевич,431,10а,5,Гляченков_ГН,T7UMI3nd
273,Чардынцева Алина Вадимовна,135,10д,3,Чардынцева_АВ,55d60C37
274,Скаредов Яков Иванович,337,9т,5,Скаредов_ЯИ,00e0H4p4
275,Юрицкий Эдуард Денисович,192,7д,3,Юрицкий_ЭД,1yf842ks
276,Кравчина Светлана Аркадьевна,413,11г,5,Кравчина_СА,Gaw4A00P
277,Чмареткова Полина Вадимовна,449,10а,2,Чмареткова_ПВ,R231911h
278,Углова Галина Романовна,260,9г,3,Углова_ГР,j0K5L72Y
279,Згуровская Виктория Андреевна,220,9т,4,Згуровская_ВА,0s3d7Sl5
280,Секерский Станислав Сергеевич,235,10а,4,Секерский_СС,Pr875p50
281,Жевайкин Евгений Адамович,86,11г,3,Жевайкин_ЕА,Vf1778P5
282,Коточигов Семён Игоревич,26,9д,5,Коточигов_СИ,86o5Fs12
283,Калонин Альберт Денисович,297,8б,2,Калонин_АД,88db14x7
284,Валягин Григорий Антонович,94,10в,4,Валягин_ГА,9Y9M512C
285,Коцева Кристина Николаевна,412,9г,3,Коцева_КН,j0850xLQ
286,Голина Кристина Максимовна,3,7х,3,Голина_КМ,5iBE03j3
287,Батрамеев Анатолий Романович,354,9х,3,Батрамеев_АР,2xK63yn4
288,Чикмарев Валентин Валериевич,306,9и,5,Чикмарев_ВВ,050294r8
289,Киницына Валерия Олеговна,202,7х,4,Киницына_ВО,pa9C3oAy
290,Числин Юрий Денисович,121,7в,2,Числин_ЮД,o7F00Q0g
291,Стебунова Юлия Романовна,358,9т,3,Стебунова_ЮР,885nAK90
292,Кацов Павел Павлович,236,10г,5,Кацов_ПП,P2P6B7b3
293,Гоцев Тарас Викторович,41,8в,3,Гоцев_ТВ,361G0DU1
294,Мотовицкий Роман Аркадиевич,31,11и,5,Мотовицкий_РА,Jqj6K22s
295,Чурзина Клара Егоровна,308,10б,3,Чурзина_КЕ,H052M20H
296,Щепалкина Валерия Сергеевна,134,9б,4,Щепалкина_ВС,NBu55339
297,Утимишев Ярослав Игоревич,239,11а,3,Утимишев_ЯИ,rKV3e0YJ
298,Алуханов Кирилл Фёдорович,298,7т,2,Алуханов_КФ,sp40gh2V
299,Полунеев Валентин Валериевич,307,8и,2,Полунеев_ВВ,5BGgt64C
300,Крупенова Наталия Андреевна,209,7в,5,Крупенова_НА,6h0TfA2r
301,Корнюшин Илья Юрьевич,44,10т,3,Корнюшин_ИЮ,4qJL54aN
302,Паушева Виолетта Никитична,310,8г,4,Паушева_ВН,A72dx4oV
303,Берзин Герасим Антонович,349,11т,5,Берзин_ГА,1G64a713
304,Шулунова Алла Алексеевна,54,7д,4,Шулунова_АА,q67e47Yo
305,Трепашова София Яковлевна,399,11а,2,Трепашова_СЯ,btPR4Dr9
306,Чумейкин Константин Антонович,8,8б,5,Чумейкин_КА,72bCt2e5
307,Польшиков Денис Игоревич,495,9и,2,Польшиков_ДИ,1e2M4e76
308,Медоусова Жанна Романовна,252,7б,2,Медоусова_ЖР,EWdBRFjj
309,Акуратова Клавдия Андреевна,92,9г,5,Акуратова_КА,sY7cI671
310,Курмеева Елизавета Валерьевна,486,8а,5,Курмеева_ЕВ,48oLyAHO
311,Бадов Александр Аркадиевич,217,10г,3,Бадов_АА,3a7OL681
312,Бакушин Эдуард Адамович,265,7б,5,Бакушин_ЭА,XKg6eGg6
313,Чебина Инна Сергеевна,273,10т,2,Чебина_ИС,6JsrF2Y0
314,Подледнова Наталья Ивановна,112,11и,3,Подледнова_НИ,9L53355U
315,Садгеева Лиза Евгеньевна,460,11г,3,Садгеева_ЛЕ,j0OGT6N8
316,Акушин Борис Павлович,493,9т,2,Акушин_БП,308ySb36
317,Аришев Руслан Кириллович,379,10т,3,Аришев_РК,sE831x1Y
318,Гуслова Кристина Олеговна,389,9в,2,Гуслова_КО,y8K56m0I
319,Глоточкина Оксана Аркадьевна,370,9и,5,Глоточкина_ОА,O059r797
320,Шапина Маргарита Романовна,163,8б,5,Шапина_МР,P1N79P41
321,Дурылин Георгий Валериевич,261,11т,4,Дурылин_ГВ,76pIMdm4
322,Болкисева Анна Викторовна,248,7х,4,Болкисева_АВ,97REFAe5
323,Багапов Вячеслав Сергеевич,99,7д,4,Багапов_ВС,R8TXh287
324,Люцарева Яна Аркадьевна,376,11б,2,Люцарева_ЯА,BceBX930
325,Боготынина София Егоровна,63,11б,5,Боготынина_СЕ,565HU830
326,Саюшкин Игорь Алексиевич,211,11х,5,Саюшкин_ИА,It8OfX76
327,Потешных Тамара Николаевна,468,11в,3,Потешных_ТН,908S58fG
328,Незлина Жанна Василевна,426,8б,5,Незлина_ЖВ,J06E03p1
329,Федичева Вероника Кирилловна,37,7х,4,Федичева_ВК,c9EB05qj
330,Пустынкин Вадим Антонович,388,10в,5,Пустынкин_ВА,j74X66x2
331,Аринакова Ирина Михайловна,150,8в,5,Аринакова_ИМ,15W369Tb
332,Обиралкова Мария Егоровна,294,11т,5,Обиралкова_МЕ,41560Nbh
333,Аристарова Валентина Максимовна,443,11г,2,Аристарова_ВМ,nA6549rw
334,Яуров Герасим Юрьевич,38,9а,5,Яуров_ГЮ,0d1fQn93
335,Духонькин Вячеслав Фёдорович,2,9в,4,Духонькин_ВФ,U90nmpv0
336,Гвасков Евгений Михаилович,402,9в,5,Гвасков_ЕМ,Dqu88916
337,Жабынина Галина Николаевна,185,7х,5,Жабынина_ГН,l5TCb362
338,Шерюкова Виолетта Романовна,440,9б,4,Шерюкова_ВР,E54483p6
339,Колокатов Пётр Евгеньевич,484,10в,3,Колокатов_ПЕ,78138u7P
340,Шайдуков Андрей Михаилович,317,9и,4,Шайдуков_АМ,YKl3c9O3
341,Смирнягина Дарья Игоревна,425,10в,4,Смирнягина_ДИ,1s08O2S4
342,Штырева Ева Олеговна,258,11и,2,Штырева_ЕО,97f84w60
343,Ашукин Вячеслав Михаилович,191,10т,4,Ашукин_ВМ,0FaIRPO9
344,Рубченкова Галина Алексеевна,190,9в,3,Рубченкова_ГА,E00je16N
345,Зархин Иван Алексиевич,478,11и,5,Зархин_ИА,6FJcT98u
346,Адиотов Дмитрий Павлович,156,7б,3,Адиотов_ДП,7b5Y68Ma
347,Тищенкова Раиса Валерьевна,79,7д,3,Тищенкова_РВ,jKh9470M
348,Лозеев Илья Петрович,205,10д,2,Лозеев_ИП,6FE94tQ5
349,Кобяшов Герасим Михаилович,305,11т,2,Кобяшов_ГМ,44HooW23
350,Ронова Клавдия Валерьевна,107,7и,4,Ронова_КВ,R65372xk
351,Стрижнов Алексей Евгеньевич,385,11г,3,Стрижнов_АЕ,AI78HT21
352,Волынский Алексей Виталиевич,362,11т,5,Волынский_АВ,2od7H73J
353,Машонский Василий Данилович,23,9д,5,Машонский_ВД,LH462tq3
354,Буриева Зинаида Аркадьевна,104,11д,4,Буриева_ЗА,WCk9c3g3
355,Борщина Алёна Ивановна,377,11а,5,Борщина_АИ,jX7dT1d2
356,Белчков Олег Иванович,275,10а,4,Белчков_ОИ,1bIYv07N
357,Остропиков Альберт Данилович,157,8г,2,Остропиков_АД,bE4h8x81
358,Оргонова Любовь Максимовна,264,7б,4,Оргонова_ЛМ,wwc2B831
359,Мальков Юрий Евгеньевич,228,7г,3,Мальков_ЮЕ,36l0P9Up
360,Свльхова Наталья Вадимовна,160,9т,5,Свльхова_НВ,30KIVBl8
361,Мякушков Герасим Леонидович,102,10т,3,Мякушков_ГЛ,j5SRNX35
362,Межуев Георгий Юриевич,355,8г,4,Межуев_ГЮ,36N990k7
363,Чериншев Александр Сергеевич,439,8а,2,Чериншев_АС,I11B6jQB
364,Муниров Алексей Андреевич,117,11г,3,Муниров_АА,I7fm4aGp
365,Климухин Руслан Романович,269,10в,3,Климухин_РР,LwNo5d5y
366,Дембская Екатерина Никитична,64,11б,4,Дембская_ЕН,4209g4t9
367,Тюнеев Яков Фёдорович,417,10т,2,Тюнеев_ЯФ,21Q8mB36
368,Трушитин Антон Данилович,168,9х,3,Трушитин_АД,n4893Y7u
369,Балакишиев Роман Алексиевич,143,11х,5,Балакишиев_РА,255q4260
370,Немтюрева Валерия Аркадьевна,12,10г,4,Немтюрева_ВА,223dt35v
371,Складанова Клавдия Аркадьевна,257,9а,3,Складанова_КА,7C7160L4
372,Заходина Полина Леонидовна,93,10д,4,Заходина_ПЛ,830R8EF8
373,Муринов Анатолий Борисович,171,11б,5,Муринов_АБ,2Q80vok8
374,Гришалова Любовь Евгеньевна,301,8т,3,Гришалова_ЛЕ,AQ9s8o0J
375,Ситчихин Станислав Георгиевич,247,8т,5,Ситчихин_СГ,c1W9Qxq9
376,Просяных Георгий Василиевич,366,9в,2,Просяных_ГВ,2TI82H0h
377,Дзабиев Григорий Георгиевич,259,11д,5,Дзабиев_ГГ,6K9A0y08
378,Рыбаулин Григорий Алексеевич,140,11а,5,Рыбаулин_ГА,S0bBr9be
379,Тупиева Екатерина Ивановна,400,7д,2,Тупиева_ЕИ,i9CF43d8
380,Куверчева Алена Ивановна,170,10д,3,Куверчева_АИ,96yXb2L0
381,Цаблинова Виктория Богдановна,342,9г,4,Цаблинова_ВБ,t1Rb5F1K
382,Синенков Григорий Леонидович,230,9в,5,Синенков_ГЛ,1j4a3611
383,Лизункин Артур Олегович,4,11в,5,Лизункин_АО,39pSJ85f
384,Славущева Александра Эдуардовна,81,8а,5,Славущева_АЭ,8Ub008lK
385,Шахвердов Дмитрий Антонович,132,11б,2,Шахвердов_ДА,51QXTeS8
386,Рапацкая Ольга Ивановна,223,10г,3,Рапацкая_ОИ,2501uw0L
387,Сторокожев Виталий Аркадиевич,159,9б,2,Сторокожев_ВА,57vlq0r7
388,Половодов Кирилл Николаевич,18,8т,5,Половодов_КН,1uR4XPeo
389,Халтанова Алена Дмитриевна,49,8б,3,Халтанова_АД,1w2H07tQ
390,Заложнев Роман Фёдорович,448,8в,4,Заложнев_РФ,39NH827n
391,Рыжих Кристина Аркадьевна,213,7а,4,Рыжих_КА,Fn9J0N25
392,Буров Руслан Игоревич,405,11и,5,Буров_РИ,Oe1V85sx
393,Гачков Виталий Евгеньевич,277,9т,4,Гачков_ВЕ,gww03hM0
394,Кадилов Геннадий Борисович,225,10в,3,Кадилов_ГБ,Hcx252h0
395,Гликина Алёна Эдуардовна,454,9б,3,Гликина_АЭ,3d338Bi9
396,Ичкинина Любовь Андреевна,299,8г,5,Ичкинина_ЛА,lS93OPs8
397,Мозшорина Кира Дмитриевна,65,8б,3,Мозшорина_КД,nom35t76
398,Брижеватов Константин Борисович,152,11т,2,Брижеватов_КБ,A6h29I42
399,Бучеров Тарас Викторович,429,10д,4,Бучеров_ТВ,aA879FFV
400,Мисютина Валерия Эдуардовна,368,9г,2,Мисютина_ВЭ,6673o07n
401,Льянов Федор Вадимович,328,8а,4,Льянов_ФВ,V2NANe94
402,Щуркин Георгий Яковлевич,180,8в,4,Щуркин_ГЯ,dt752227
403,Акулин Федор Адамович,241,10г,4,Акулин_ФА,up0o5778
404,Волженкова Екатерина Ивановна,233,9д,4,Волженкова_ЕИ,i78Iv0kh
405,Махометова София Викторовна,424,8и,3,Махометова_СВ,820KrctG
406,Зызлов Геннадий Антонович,274,7в,3,Зызлов_ГА,FJ1qsgr1
407,Девляшова Кира Олеговна,51,11д,5,Девляшова_КО,f58m14i9
408,Яковкина Алена Никитична,320,9т,5,Яковкина_АН,10907R3j
409,Бузулев Вадим Николаевич,331,10д,3,Бузулев_ВН,5uM5f5ES
410,Ганельский Юрий Юриевич,474,9д,3,Ганельский_ЮЮ,M05JVy80
411,Шкапрова Ева Ивановна,371,7б,5,Шкапрова_ЕИ,07091T7S
412,Чичирин Владимир Георгиевич,11,10а,4,Чичирин_ВГ,9T47Rt3x
413,Шилова Надежда Викторовна,124,9б,2,Шилова_НВ,oFoJ454V
414,Коваев Руслан Михаилович,487,9т,3,Коваев_РМ,aSuB6o1n
415,Саверина Надежда Андреевна,407,11б,4,Саверина_НА,G1ITlRJF
416,Тишанкин Олег Адамович,334,9д,3,Тишанкин_ОА,50154W7d
417,Широпаев Валерий Сергеевич,406,9б,2,Широпаев_ВС,560c7w76
418,Щепанин Олег Адамович,226,7а,3,Щепанин_ОА,0H46Dg01
419,Оплетин Владислав Аркадиевич,361,10х,4,Оплетин_ВА,fVyn7y4k
420,Оденова Карина Андреевна,409,8и,4,Оденова_КА,w46uVDS1
421,Семагин Альберт Андреевич,456,10х,4,Семагин_АА,10853O51
422,Черданцева Анастасия Олеговна,128,8х,3,Черданцева_АО,rdDcO8a5
423,Лонцова Елизавета Эдуардовна,224,7х,3,Лонцова_ЕЭ,92509v07
424,Сарсекеева Алёна Никитична,462,11и,4,Сарсекеева_АН,89po9mxN
425,Аковецкий Антон Евгеньевич,500,8б,4,Аковецкий_АЕ,Es9Uc5Gh
426,Аратский Станислав Борисович,351,9и,2,Аратский_СБ,dDI5R5UH
427,Чужриков Пётр Денисович,200,9в,3,Чужриков_ПД,E6VbL491
428,Никитшин Алексей Кириллович,111,11и,3,Никитшин_АК,3Q3SLy49
429,Симендяев Василий Алексиевич,45,8д,4,Симендяев_ВА,802jAvE5
430,Ошитков Максим Сергеевич,151,10г,4,Ошитков_МС,91lIcv8c
431,Юрасов Евгений Романович,338,9и,3,Юрасов_ЕР,y19qrNEj
432,Головяшин Павел Юриевич,179,7г,5,Головяшин_ПЮ,2R87Ceoe
433,Манжурина Екатерина Сергеевна,219,7т,3,Манжурина_ЕС,g09377uk
434,Никурашин Олег Евгеньевич,291,11х,2,Никурашин_ОЕ,QW9Fj817
435,Бехтерев Федор Вадимович,137,9х,3,Бехтерев_ФВ,1gQT6299
436,Годлевская Катерина Дмитриевна,403,11г,3,Годлевская_КД,37XA91X4
437,Акиярова Алина Эдуардовна,9,11а,4,Акиярова_АЭ,K853vU98
438,Милина Алена Петровна,359,8г,3,Милина_АП,DAf4t16y
439,Воловин Борис Викторович,350,7т,2,Воловин_БВ,H23e5811
440,Туморина Ксения Федоровна,133,8б,5,Туморина_КФ,x4Ny0eMk
441,Желейков Вячеслав Яковлевич,199,8г,3,Желейков_ВЯ,3Y8W5f9J
442,Шишорнина Екатерина Алексеевна,183,8т,3,Шишорнина_ЕА,14B0g530
443,Юумогулова Виолетта Игоревна,311,10х,3,Юумогулова_ВИ,o989tN5m
444,Рецков Денис Денисович,85,10д,2,Рецков_ДД,Gb487A05
445,Химунина Елизавета Ивановна,392,7д,2,Химунина_ЕИ,d2mLnq66
446,Кобрянов Александр Алексиевич,455,7т,2,Кобрянов_АА,F5s5O260
447,Бирылов Тарас Данилович,243,11а,3,Бирылов_ТД,27lo724u
448,Туфатулин Ярослав Леонидович,485,8х,4,Туфатулин_ЯЛ,HLqx765L
449,Долбишев Николай Аркадиевич,292,10б,5,Долбишев_НА,ONj73e07
450,Махтумова Алёна Эдуардовна,186,10б,4,Махтумова_АЭ,749829F4
451,Нарзаркин Алексей Романович,423,10т,2,Нарзаркин_АР,cKVj5Gbf
452,Куранина Алена Леонидовна,196,9б,4,Куранина_АЛ,q1TuqR09
453,Ситюков Аркадий Евгеньевич,32,10в,3,Ситюков_АЕ,7M7Sbx0W
454,Мизюрова Алиса Никитична,176,7г,4,Мизюрова_АН,13w6l3S9
455,Пандурова Алиса Дмитриевна,130,9б,2,Пандурова_АД,fa51M593
456,Жилейкин Борис Тимофеевич,91,7в,2,Жилейкин_БТ,P0FX6vpQ
457,Корпункова Виолетта Сергеевна,83,11а,3,Корпункова_ВС,S4009u45
458,Пашохонова Анастасия Федоровна,467,9в,4,Пашохонова_АФ,Mu5934uk
459,Сузальцева Тамара Михайловна,357,8х,4,Сузальцева_ТМ,eYk151Sd
460,Чиличкина Светлана Яковлевна,5,8в,5,Чиличкина_СЯ,L6Hs8fY1
461,Шантыкова Карина Максимовна,198,10д,3,Шантыкова_КМ,Pq3wbi6I
462,Недосекин Владислав Яковлевич,457,10а,4,Недосекин_ВЯ,4037ev0d
463,Максимкин Федор Фёдорович,172,10г,2,Максимкин_ФФ,Uo70D814
464,Матбиюшина Виктория Игоревна,237,8д,2,Матбиюшина_ВИ,Yo00009M
465,Шишкунов Герасим Юрьевич,110,8т,4,Шишкунов_ГЮ,i62u72Gd
466,Сухинин Георгий Алексиевич,475,10х,4,Сухинин_ГА,83m412rE
467,Бисеева Полина Романовна,48,7д,5,Бисеева_ПР,809OTLKm
468,Жукулов Михаил Денисович,60,11г,3,Жукулов_МД,31YTMvc7
469,Тоняев Герасим Петрович,378,9т,5,Тоняев_ГП,015CV2DN
470,Шушенкова Алёна Олеговна,36,7и,2,Шушенкова_АО,011Pa6p9
471,Разроев Дмитрий Павлович,59,9а,2,Разроев_ДП,xO30e46a
472,Баззаев Анатолий Данилович,339,9д,2,Баззаев_АД,De8y47D9
473,Цекова Алла Олеговна,50,8д,2,Цекова_АО,4ylV3oyM
474,Аборонова Алиса Алексеевна,444,7г,5,Аборонова_АА,5Dh4p1jn
475,Ягловская Ева Олеговна,181,8в,4,Ягловская_ЕО,1JR76Yw6
476,Шароварова Яна Романовна,175,8а,4,Шароварова_ЯР,73Pu15y1
477,Общев Яков Викторович,466,8а,4,Общев_ЯВ,9F0nn87c
478,Ойзерская Катерина Эдуардовна,120,7х,2,Ойзерская_КЭ,TU3594EY
479,Прусский Ярослав Иванович,479,11б,2,Прусский_ЯИ,3r1oU099
480,Лабинов Павел Алексеевич,272,7б,5,Лабинов_ПА,0omKhFMX
481,Покровов Эдуард Павлович,312,8б,2,Покровов_ЭП,9QV2tl73
482,Мачехин Эдуард Данилович,19,7д,3,Мачехин_ЭД,812MEg31
483,Кодорская Раиса Ивановна,27,11б,3,Кодорская_РИ,Fm63319B
484,Кондраева Марина Ивановна,469,9д,3,Кондраева_МИ,1Ngc23dw
485,Бульенков Валентин Иванович,136,10т,4,Бульенков_ВИ,128P1d36
486,Тагакова Вероника Яковлевна,393,8т,4,Тагакова_ВЯ,2627L69w
487,Гершанова Любовь Евгеньевна,383,11т,5,Гершанова_ЛЕ,R8g1yC7R
488,Салина Алена Егоровна,73,11в,5,Салина_АЕ,67L6f2D0
489,Фрумова Зинаида Аркадьевна,78,8а,4,Фрумова_ЗА,0x209X6v
490,Хорняков Борис Борисович,13,8г,2,Хорняков_ББ,d9g101vx
491,Гдагазина Лиза Василевна,212,9т,5,Гдагазина_ЛВ,17b19V94
492,Агаршев Ярослав Михаилович,276,9т,2,Агаршев_ЯМ,4r6966Ta
493,Корюшин Пётр Антонович,326,8х,2,Корюшин_ПА,1WbpI526
494,Калаев Пётр Алексиевич,68,8а,3,Калаев_ПА,bj829J09
495,Ккаталкина Виолетта Егоровна,53,7б,2,Ккаталкина_ВЕ,8093kAok
496,Рачнов Герасим Алексеевич,103,10а,5,Рачнов_ГА,2W5Q6Sr7
497,Миндубаева Людмила Леонидовна,477,11и,2,Миндубаева_ЛЛ,9TS259E8
498,Агафьева Вера Ивановна,352,11х,3,Агафьева_ВИ,00W1WsEy
499,Житин Эдуард Адамович,481,9а,5,Житин_ЭА,p2jmh870
